{"Version":1,"ManifestType":"Publish","Endpoints":[{"Route":".b3r61iyrnw.gitkeep","AssetFile":".gitkeep","Selectors":[],"ResponseHeaders":[{"Name":"Accept-Ranges","Value":"bytes"},{"Name":"Cache-Control","Value":"max-age=31536000, immutable"},{"Name":"Content-Length","Value":"215"},{"Name":"Content-Type","Value":"application/octet-stream"},{"Name":"ETag","Value":"\"p9c1GPV9PrxFkwFUohbyy7X2O3Xr8thRh8yDGA9nhvk=\""},{"Name":"Last-Modified","Value":"Mon, 10 Nov 2025 23:54:26 GMT"}],"EndpointProperties":[{"Name":"fingerprint","Value":"b3r61iyrnw"},{"Name":"integrity","Value":"sha256-p9c1GPV9PrxFkwFUohbyy7X2O3Xr8thRh8yDGA9nhvk="},{"Name":"label","Value":".gitkeep"}]},{"Route":".gitkeep","AssetFile":".gitkeep","Selectors":[],"ResponseHeaders":[{"Name":"Accept-Ranges","Value":"bytes"},{"Name":"Cache-Control","Value":"no-cache"},{"Name":"Content-Length","Value":"215"},{"Name":"Content-Type","Value":"application/octet-stream"},{"Name":"ETag","Value":"\"p9c1GPV9PrxFkwFUohbyy7X2O3Xr8thRh8yDGA9nhvk=\""},{"Name":"Last-Modified","Value":"Mon, 10 Nov 2025 23:54:26 GMT"}],"EndpointProperties":[{"Name":"integrity","Value":"sha256-p9c1GPV9PrxFkwFUohbyy7X2O3Xr8thRh8yDGA9nhvk="}]},{"Route":"build/.d0btszvygh.htaccess","AssetFile":"build/.htaccess","Selectors":[],"ResponseHeaders":[{"Name":"Accept-Ranges","Value":"bytes"},{"Name":"Cache-Control","Value":"max-age=31536000, immutable"},{"Name":"Content-Length","Value":"123"},{"Name":"Content-Type","Value":"application/octet-stream"},{"Name":"ETag","Value":"\"/VRCnZdpqdhOww80E2j312/mGmICoGTj+jo9O1p3V8Q=\""},{"Name":"Last-Modified","Value":"Mon, 10 Nov 2025 22:14:19 GMT"}],"EndpointProperties":[{"Name":"fingerprint","Value":"d0btszvygh"},{"Name":"integrity","Value":"sha256-/VRCnZdpqdhOww80E2j312/mGmICoGTj+jo9O1p3V8Q="},{"Name":"label","Value":"build/.htaccess"}]},{"Route":"build/.htaccess","AssetFile":"build/.htaccess","Selectors":[],"ResponseHeaders":[{"Name":"Accept-Ranges","Value":"bytes"},{"Name":"Cache-Control","Value":"no-cache"},{"Name":"Content-Length","Value":"123"},{"Name":"Content-Type","Value":"application/octet-stream"},{"Name":"ETag","Value":"\"/VRCnZdpqdhOww80E2j312/mGmICoGTj+jo9O1p3V8Q=\""},{"Name":"Last-Modified","Value":"Mon, 10 Nov 2025 22:14:19 GMT"}],"EndpointProperties":[{"Name":"integrity","Value":"sha256-/VRCnZdpqdhOww80E2j312/mGmICoGTj+jo9O1p3V8Q="}]},{"Route":"build/_redirects","AssetFile":"build/_redirects","Selectors":[],"ResponseHeaders":[{"Name":"Accept-Ranges","Value":"bytes"},{"Name":"Cache-Control","Value":"no-cache"},{"Name":"Content-Length","Value":"27"},{"Name":"Content-Type","Value":"application/octet-stream"},{"Name":"ETag","Value":"\"R0TaMm2KJz8faFZNsaNhKDG3fIV6pmIRA2RthYannHw=\""},{"Name":"Last-Modified","Value":"Mon, 10 Nov 2025 22:03:08 GMT"}],"EndpointProperties":[{"Name":"integrity","Value":"sha256-R0TaMm2KJz8faFZNsaNhKDG3fIV6pmIRA2RthYannHw="}]},{"Route":"build/_redirects.vmdtiik1hr","AssetFile":"build/_redirects","Selectors":[],"ResponseHeaders":[{"Name":"Accept-Ranges","Value":"bytes"},{"Name":"Cache-Control","Value":"max-age=31536000, immutable"},{"Name":"Content-Length","Value":"27"},{"Name":"Content-Type","Value":"application/octet-stream"},{"Name":"ETag","Value":"\"R0TaMm2KJz8faFZNsaNhKDG3fIV6pmIRA2RthYannHw=\""},{"Name":"Last-Modified","Value":"Mon, 10 Nov 2025 22:03:08 GMT"}],"EndpointProperties":[{"Name":"fingerprint","Value":"vmdtiik1hr"},{"Name":"integrity","Value":"sha256-R0TaMm2KJz8faFZNsaNhKDG3fIV6pmIRA2RthYannHw="},{"Name":"label","Value":"build/_redirects"}]},{"Route":"build/asset-manifest.json","AssetFile":"build/asset-manifest.json","Selectors":[],"ResponseHeaders":[{"Name":"Accept-Ranges","Value":"bytes"},{"Name":"Cache-Control","Value":"no-cache"},{"Name":"Content-Length","Value":"517"},{"Name":"Content-Type","Value":"application/json"},{"Name":"ETag","Value":"\"D1+/+LFnwxqTCHDgRNHVUVYi9moRx5U4AgvqQvfgKGM=\""},{"Name":"Last-Modified","Value":"Fri, 14 Nov 2025 21:34:59 GMT"}],"EndpointProperties":[{"Name":"integrity","Value":"sha256-D1+/+LFnwxqTCHDgRNHVUVYi9moRx5U4AgvqQvfgKGM="}]},{"Route":"build/asset-manifest.piprbz9cc0.json","AssetFile":"build/asset-manifest.json","Selectors":[],"ResponseHeaders":[{"Name":"Accept-Ranges","Value":"bytes"},{"Name":"Cache-Control","Value":"max-age=31536000, immutable"},{"Name":"Content-Length","Value":"517"},{"Name":"Content-Type","Value":"application/json"},{"Name":"ETag","Value":"\"D1+/+LFnwxqTCHDgRNHVUVYi9moRx5U4AgvqQvfgKGM=\""},{"Name":"Last-Modified","Value":"Fri, 14 Nov 2025 21:34:59 GMT"}],"EndpointProperties":[{"Name":"fingerprint","Value":"piprbz9cc0"},{"Name":"integrity","Value":"sha256-D1+/+LFnwxqTCHDgRNHVUVYi9moRx5U4AgvqQvfgKGM="},{"Name":"label","Value":"build/asset-manifest.json"}]},{"Route":"build/background.p2zrv5ri1n.png","AssetFile":"build/background.png","Selectors":[],"ResponseHeaders":[{"Name":"Accept-Ranges","Value":"bytes"},{"Name":"Cache-Control","Value":"max-age=31536000, immutable"},{"Name":"Content-Length","Value":"1283488"},{"Name":"Content-Type","Value":"image/png"},{"Name":"ETag","Value":"\"Uc2n8HSCwz0qnFEYSI/mvD5CrWn57PBPrRHT6OMKZ/w=\""},{"Name":"Last-Modified","Value":"Mon, 10 Nov 2025 16:34:46 GMT"}],"EndpointProperties":[{"Name":"fingerprint","Value":"p2zrv5ri1n"},{"Name":"integrity","Value":"sha256-Uc2n8HSCwz0qnFEYSI/mvD5CrWn57PBPrRHT6OMKZ/w="},{"Name":"label","Value":"build/background.png"}]},{"Route":"build/background.png","AssetFile":"build/background.png","Selectors":[],"ResponseHeaders":[{"Name":"Accept-Ranges","Value":"bytes"},{"Name":"Cache-Control","Value":"no-cache"},{"Name":"Content-Length","Value":"1283488"},{"Name":"Content-Type","Value":"image/png"},{"Name":"ETag","Value":"\"Uc2n8HSCwz0qnFEYSI/mvD5CrWn57PBPrRHT6OMKZ/w=\""},{"Name":"Last-Modified","Value":"Mon, 10 Nov 2025 16:34:46 GMT"}],"EndpointProperties":[{"Name":"integrity","Value":"sha256-Uc2n8HSCwz0qnFEYSI/mvD5CrWn57PBPrRHT6OMKZ/w="}]},{"Route":"build/categories.7ujxktpifw.json","AssetFile":"build/categories.json","Selectors":[],"ResponseHeaders":[{"Name":"Accept-Ranges","Value":"bytes"},{"Name":"Cache-Control","Value":"max-age=31536000, immutable"},{"Name":"Content-Length","Value":"681"},{"Name":"Content-Type","Value":"application/json"},{"Name":"ETag","Value":"\"UeWann1hNgWi3maMG39f2nTG6LCi+Mkld4gEowh6s60=\""},{"Name":"Last-Modified","Value":"Fri, 14 Nov 2025 16:53:52 GMT"}],"EndpointProperties":[{"Name":"fingerprint","Value":"7ujxktpifw"},{"Name":"integrity","Value":"sha256-UeWann1hNgWi3maMG39f2nTG6LCi+Mkld4gEowh6s60="},{"Name":"label","Value":"build/categories.json"}]},{"Route":"build/categories.json","AssetFile":"build/categories.json","Selectors":[],"ResponseHeaders":[{"Name":"Accept-Ranges","Value":"bytes"},{"Name":"Cache-Control","Value":"no-cache"},{"Name":"Content-Length","Value":"681"},{"Name":"Content-Type","Value":"application/json"},{"Name":"ETag","Value":"\"UeWann1hNgWi3maMG39f2nTG6LCi+Mkld4gEowh6s60=\""},{"Name":"Last-Modified","Value":"Fri, 14 Nov 2025 16:53:52 GMT"}],"EndpointProperties":[{"Name":"integrity","Value":"sha256-UeWann1hNgWi3maMG39f2nTG6LCi+Mkld4gEowh6s60="}]},{"Route":"build/favicon.1f2oqlqaa3.ico","AssetFile":"build/favicon.ico","Selectors":[],"ResponseHeaders":[{"Name":"Accept-Ranges","Value":"bytes"},{"Name":"Cache-Control","Value":"max-age=31536000, immutable"},{"Name":"Content-Length","Value":"3870"},{"Name":"Content-Type","Value":"image/x-icon"},{"Name":"ETag","Value":"\"PRD32mxgMXg0AIFmjErFs66XQ8qaJiqw/NMS+7n0i90=\""},{"Name":"Last-Modified","Value":"Sat, 08 Nov 2025 12:37:40 GMT"}],"EndpointProperties":[{"Name":"fingerprint","Value":"1f2oqlqaa3"},{"Name":"integrity","Value":"sha256-PRD32mxgMXg0AIFmjErFs66XQ8qaJiqw/NMS+7n0i90="},{"Name":"label","Value":"build/favicon.ico"}]},{"Route":"build/favicon.ico","AssetFile":"build/favicon.ico","Selectors":[],"ResponseHeaders":[{"Name":"Accept-Ranges","Value":"bytes"},{"Name":"Cache-Control","Value":"no-cache"},{"Name":"Content-Length","Value":"3870"},{"Name":"Content-Type","Value":"image/x-icon"},{"Name":"ETag","Value":"\"PRD32mxgMXg0AIFmjErFs66XQ8qaJiqw/NMS+7n0i90=\""},{"Name":"Last-Modified","Value":"Sat, 08 Nov 2025 12:37:40 GMT"}],"EndpointProperties":[{"Name":"integrity","Value":"sha256-PRD32mxgMXg0AIFmjErFs66XQ8qaJiqw/NMS+7n0i90="}]},{"Route":"build/index.7ypqguts2i.html","AssetFile":"build/index.html","Selectors":[],"ResponseHeaders":[{"Name":"Accept-Ranges","Value":"bytes"},{"Name":"Cache-Control","Value":"max-age=31536000, immutable"},{"Name":"Content-Length","Value":"2487"},{"Name":"Content-Type","Value":"text/html"},{"Name":"ETag","Value":"\"IeIlo2WwL3yPFQMjv/QVqvphVh2KbJLSGiEkJqEbAYQ=\""},{"Name":"Last-Modified","Value":"Fri, 14 Nov 2025 21:34:59 GMT"}],"EndpointProperties":[{"Name":"fingerprint","Value":"7ypqguts2i"},{"Name":"integrity","Value":"sha256-IeIlo2WwL3yPFQMjv/QVqvphVh2KbJLSGiEkJqEbAYQ="},{"Name":"label","Value":"build/index.html"}]},{"Route":"build/index.html","AssetFile":"build/index.html","Selectors":[],"ResponseHeaders":[{"Name":"Accept-Ranges","Value":"bytes"},{"Name":"Cache-Control","Value":"no-cache"},{"Name":"Content-Length","Value":"2487"},{"Name":"Content-Type","Value":"text/html"},{"Name":"ETag","Value":"\"IeIlo2WwL3yPFQMjv/QVqvphVh2KbJLSGiEkJqEbAYQ=\""},{"Name":"Last-Modified","Value":"Fri, 14 Nov 2025 21:34:59 GMT"}],"EndpointProperties":[{"Name":"integrity","Value":"sha256-IeIlo2WwL3yPFQMjv/QVqvphVh2KbJLSGiEkJqEbAYQ="}]},{"Route":"build/logo192.png","AssetFile":"build/logo192.png","Selectors":[],"ResponseHeaders":[{"Name":"Accept-Ranges","Value":"bytes"},{"Name":"Cache-Control","Value":"no-cache"},{"Name":"Content-Length","Value":"5347"},{"Name":"Content-Type","Value":"image/png"},{"Name":"ETag","Value":"\"w4Y5bscNs2CAdbX7+qxKscyqhroFpoqzk+xVHrZsPgA=\""},{"Name":"Last-Modified","Value":"Sat, 08 Nov 2025 12:37:43 GMT"}],"EndpointProperties":[{"Name":"integrity","Value":"sha256-w4Y5bscNs2CAdbX7+qxKscyqhroFpoqzk+xVHrZsPgA="}]},{"Route":"build/logo192.xr54by9dn2.png","AssetFile":"build/logo192.png","Selectors":[],"ResponseHeaders":[{"Name":"Accept-Ranges","Value":"bytes"},{"Name":"Cache-Control","Value":"max-age=31536000, immutable"},{"Name":"Content-Length","Value":"5347"},{"Name":"Content-Type","Value":"image/png"},{"Name":"ETag","Value":"\"w4Y5bscNs2CAdbX7+qxKscyqhroFpoqzk+xVHrZsPgA=\""},{"Name":"Last-Modified","Value":"Sat, 08 Nov 2025 12:37:43 GMT"}],"EndpointProperties":[{"Name":"fingerprint","Value":"xr54by9dn2"},{"Name":"integrity","Value":"sha256-w4Y5bscNs2CAdbX7+qxKscyqhroFpoqzk+xVHrZsPgA="},{"Name":"label","Value":"build/logo192.png"}]},{"Route":"build/logo512.2377xp85ga.png","AssetFile":"build/logo512.png","Selectors":[],"ResponseHeaders":[{"Name":"Accept-Ranges","Value":"bytes"},{"Name":"Cache-Control","Value":"max-age=31536000, immutable"},{"Name":"Content-Length","Value":"9664"},{"Name":"Content-Type","Value":"image/png"},{"Name":"ETag","Value":"\"nqT02nBQwMxAiSb2o5wlNiTpursdQ8eXfNghRFpgtGE=\""},{"Name":"Last-Modified","Value":"Sat, 08 Nov 2025 12:37:43 GMT"}],"EndpointProperties":[{"Name":"fingerprint","Value":"2377xp85ga"},{"Name":"integrity","Value":"sha256-nqT02nBQwMxAiSb2o5wlNiTpursdQ8eXfNghRFpgtGE="},{"Name":"label","Value":"build/logo512.png"}]},{"Route":"build/logo512.png","AssetFile":"build/logo512.png","Selectors":[],"ResponseHeaders":[{"Name":"Accept-Ranges","Value":"bytes"},{"Name":"Cache-Control","Value":"no-cache"},{"Name":"Content-Length","Value":"9664"},{"Name":"Content-Type","Value":"image/png"},{"Name":"ETag","Value":"\"nqT02nBQwMxAiSb2o5wlNiTpursdQ8eXfNghRFpgtGE=\""},{"Name":"Last-Modified","Value":"Sat, 08 Nov 2025 12:37:43 GMT"}],"EndpointProperties":[{"Name":"integrity","Value":"sha256-nqT02nBQwMxAiSb2o5wlNiTpursdQ8eXfNghRFpgtGE="}]},{"Route":"build/manifest.4dcvazlfy8.json","AssetFile":"build/manifest.json","Selectors":[],"ResponseHeaders":[{"Name":"Accept-Ranges","Value":"bytes"},{"Name":"Cache-Control","Value":"max-age=31536000, immutable"},{"Name":"Content-Length","Value":"505"},{"Name":"Content-Type","Value":"application/json"},{"Name":"ETag","Value":"\"qOnwbDFJKuvuDDSXyKJ8XUX2pR9B70kqT3zBSyp1nUU=\""},{"Name":"Last-Modified","Value":"Mon, 10 Nov 2025 22:05:55 GMT"}],"EndpointProperties":[{"Name":"fingerprint","Value":"4dcvazlfy8"},{"Name":"integrity","Value":"sha256-qOnwbDFJKuvuDDSXyKJ8XUX2pR9B70kqT3zBSyp1nUU="},{"Name":"label","Value":"build/manifest.json"}]},{"Route":"build/manifest.json","AssetFile":"build/manifest.json","Selectors":[],"ResponseHeaders":[{"Name":"Accept-Ranges","Value":"bytes"},{"Name":"Cache-Control","Value":"no-cache"},{"Name":"Content-Length","Value":"505"},{"Name":"Content-Type","Value":"application/json"},{"Name":"ETag","Value":"\"qOnwbDFJKuvuDDSXyKJ8XUX2pR9B70kqT3zBSyp1nUU=\""},{"Name":"Last-Modified","Value":"Mon, 10 Nov 2025 22:05:55 GMT"}],"EndpointProperties":[{"Name":"integrity","Value":"sha256-qOnwbDFJKuvuDDSXyKJ8XUX2pR9B70kqT3zBSyp1nUU="}]},{"Route":"build/menu.json","AssetFile":"build/menu.json","Selectors":[],"ResponseHeaders":[{"Name":"Accept-Ranges","Value":"bytes"},{"Name":"Cache-Control","Value":"no-cache"},{"Name":"Content-Length","Value":"3992080"},{"Name":"Content-Type","Value":"application/json"},{"Name":"ETag","Value":"\"nLUYruCYpigrDtKDwN5Chr8blFFmehCsgit/b0daGIg=\""},{"Name":"Last-Modified","Value":"Fri, 14 Nov 2025 17:55:17 GMT"}],"EndpointProperties":[{"Name":"integrity","Value":"sha256-nLUYruCYpigrDtKDwN5Chr8blFFmehCsgit/b0daGIg="}]},{"Route":"build/menu.k6fzql3u9x.json","AssetFile":"build/menu.json","Selectors":[],"ResponseHeaders":[{"Name":"Accept-Ranges","Value":"bytes"},{"Name":"Cache-Control","Value":"max-age=31536000, immutable"},{"Name":"Content-Length","Value":"3992080"},{"Name":"Content-Type","Value":"application/json"},{"Name":"ETag","Value":"\"nLUYruCYpigrDtKDwN5Chr8blFFmehCsgit/b0daGIg=\""},{"Name":"Last-Modified","Value":"Fri, 14 Nov 2025 17:55:17 GMT"}],"EndpointProperties":[{"Name":"fingerprint","Value":"k6fzql3u9x"},{"Name":"integrity","Value":"sha256-nLUYruCYpigrDtKDwN5Chr8blFFmehCsgit/b0daGIg="},{"Name":"label","Value":"build/menu.json"}]},{"Route":"build/photos.dlmf4sc8dr.json","AssetFile":"build/photos.json","Selectors":[],"ResponseHeaders":[{"Name":"Accept-Ranges","Value":"bytes"},{"Name":"Cache-Control","Value":"max-age=31536000, immutable"},{"Name":"Content-Length","Value":"4179036"},{"Name":"Content-Type","Value":"application/json"},{"Name":"ETag","Value":"\"IVTLPfLQ0lFn8pDz97c23lKQT2wiLNezA1Eh5MxvcEk=\""},{"Name":"Last-Modified","Value":"Fri, 14 Nov 2025 17:50:49 GMT"}],"EndpointProperties":[{"Name":"fingerprint","Value":"dlmf4sc8dr"},{"Name":"integrity","Value":"sha256-IVTLPfLQ0lFn8pDz97c23lKQT2wiLNezA1Eh5MxvcEk="},{"Name":"label","Value":"build/photos.json"}]},{"Route":"build/photos.json","AssetFile":"build/photos.json","Selectors":[],"ResponseHeaders":[{"Name":"Accept-Ranges","Value":"bytes"},{"Name":"Cache-Control","Value":"no-cache"},{"Name":"Content-Length","Value":"4179036"},{"Name":"Content-Type","Value":"application/json"},{"Name":"ETag","Value":"\"IVTLPfLQ0lFn8pDz97c23lKQT2wiLNezA1Eh5MxvcEk=\""},{"Name":"Last-Modified","Value":"Fri, 14 Nov 2025 17:50:49 GMT"}],"EndpointProperties":[{"Name":"integrity","Value":"sha256-IVTLPfLQ0lFn8pDz97c23lKQT2wiLNezA1Eh5MxvcEk="}]},{"Route":"build/reservations.json","AssetFile":"build/reservations.json","Selectors":[],"ResponseHeaders":[{"Name":"Accept-Ranges","Value":"bytes"},{"Name":"Cache-Control","Value":"no-cache"},{"Name":"Content-Length","Value":"220"},{"Name":"Content-Type","Value":"application/json"},{"Name":"ETag","Value":"\"Qf1Yeyp03/FOmAf9xMaiRZUBA7/FMNag3Ia9FdFNaH8=\""},{"Name":"Last-Modified","Value":"Wed, 12 Nov 2025 09:01:23 GMT"}],"EndpointProperties":[{"Name":"integrity","Value":"sha256-Qf1Yeyp03/FOmAf9xMaiRZUBA7/FMNag3Ia9FdFNaH8="}]},{"Route":"build/reservations.tdxtzvp1yc.json","AssetFile":"build/reservations.json","Selectors":[],"ResponseHeaders":[{"Name":"Accept-Ranges","Value":"bytes"},{"Name":"Cache-Control","Value":"max-age=31536000, immutable"},{"Name":"Content-Length","Value":"220"},{"Name":"Content-Type","Value":"application/json"},{"Name":"ETag","Value":"\"Qf1Yeyp03/FOmAf9xMaiRZUBA7/FMNag3Ia9FdFNaH8=\""},{"Name":"Last-Modified","Value":"Wed, 12 Nov 2025 09:01:23 GMT"}],"EndpointProperties":[{"Name":"fingerprint","Value":"tdxtzvp1yc"},{"Name":"integrity","Value":"sha256-Qf1Yeyp03/FOmAf9xMaiRZUBA7/FMNag3Ia9FdFNaH8="},{"Name":"label","Value":"build/reservations.json"}]},{"Route":"build/robots.sl60c43r8o.txt","AssetFile":"build/robots.txt","Selectors":[],"ResponseHeaders":[{"Name":"Accept-Ranges","Value":"bytes"},{"Name":"Cache-Control","Value":"max-age=31536000, immutable"},{"Name":"Content-Length","Value":"67"},{"Name":"Content-Type","Value":"text/plain"},{"Name":"ETag","Value":"\"kNJLw79pisHhc3OVAimMzKcq3x9WT6sF9IS4xI0crdI=\""},{"Name":"Last-Modified","Value":"Sat, 08 Nov 2025 12:37:43 GMT"}],"EndpointProperties":[{"Name":"fingerprint","Value":"sl60c43r8o"},{"Name":"integrity","Value":"sha256-kNJLw79pisHhc3OVAimMzKcq3x9WT6sF9IS4xI0crdI="},{"Name":"label","Value":"build/robots.txt"}]},{"Route":"build/robots.txt","AssetFile":"build/robots.txt","Selectors":[],"ResponseHeaders":[{"Name":"Accept-Ranges","Value":"bytes"},{"Name":"Cache-Control","Value":"no-cache"},{"Name":"Content-Length","Value":"67"},{"Name":"Content-Type","Value":"text/plain"},{"Name":"ETag","Value":"\"kNJLw79pisHhc3OVAimMzKcq3x9WT6sF9IS4xI0crdI=\""},{"Name":"Last-Modified","Value":"Sat, 08 Nov 2025 12:37:43 GMT"}],"EndpointProperties":[{"Name":"integrity","Value":"sha256-kNJLw79pisHhc3OVAimMzKcq3x9WT6sF9IS4xI0crdI="}]},{"Route":"build/static/css/main.e05bd395.2ky84nt4ql.css","AssetFile":"build/static/css/main.e05bd395.css","Selectors":[],"ResponseHeaders":[{"Name":"Accept-Ranges","Value":"bytes"},{"Name":"Cache-Control","Value":"max-age=31536000, immutable"},{"Name":"Content-Length","Value":"39412"},{"Name":"Content-Type","Value":"text/css"},{"Name":"ETag","Value":"\"Do8i3S6J/4eFp85XSX1UcbpkXqvs9G2EFZMHvH/0TRM=\""},{"Name":"Last-Modified","Value":"Fri, 14 Nov 2025 21:34:59 GMT"}],"EndpointProperties":[{"Name":"fingerprint","Value":"2ky84nt4ql"},{"Name":"integrity","Value":"sha256-Do8i3S6J/4eFp85XSX1UcbpkXqvs9G2EFZMHvH/0TRM="},{"Name":"label","Value":"build/static/css/main.e05bd395.css"}]},{"Route":"build/static/css/main.e05bd395.css","AssetFile":"build/static/css/main.e05bd395.css","Selectors":[],"ResponseHeaders":[{"Name":"Accept-Ranges","Value":"bytes"},{"Name":"Cache-Control","Value":"no-cache"},{"Name":"Content-Length","Value":"39412"},{"Name":"Content-Type","Value":"text/css"},{"Name":"ETag","Value":"\"Do8i3S6J/4eFp85XSX1UcbpkXqvs9G2EFZMHvH/0TRM=\""},{"Name":"Last-Modified","Value":"Fri, 14 Nov 2025 21:34:59 GMT"}],"EndpointProperties":[{"Name":"integrity","Value":"sha256-Do8i3S6J/4eFp85XSX1UcbpkXqvs9G2EFZMHvH/0TRM="}]},{"Route":"build/static/css/main.e05bd395.css.7scicz9x22.map","AssetFile":"build/static/css/main.e05bd395.css.map","Selectors":[],"ResponseHeaders":[{"Name":"Accept-Ranges","Value":"bytes"},{"Name":"Cache-Control","Value":"max-age=31536000, immutable"},{"Name":"Content-Length","Value":"83902"},{"Name":"Content-Type","Value":"text/plain"},{"Name":"ETag","Value":"\"N9m8BVK4JKdXzBdy+2zQMugJnZFiA6nHkyI2rULkD+w=\""},{"Name":"Last-Modified","Value":"Fri, 14 Nov 2025 21:34:59 GMT"}],"EndpointProperties":[{"Name":"fingerprint","Value":"7scicz9x22"},{"Name":"integrity","Value":"sha256-N9m8BVK4JKdXzBdy+2zQMugJnZFiA6nHkyI2rULkD+w="},{"Name":"label","Value":"build/static/css/main.e05bd395.css.map"}]},{"Route":"build/static/css/main.e05bd395.css.map","AssetFile":"build/static/css/main.e05bd395.css.map","Selectors":[],"ResponseHeaders":[{"Name":"Accept-Ranges","Value":"bytes"},{"Name":"Cache-Control","Value":"no-cache"},{"Name":"Content-Length","Value":"83902"},{"Name":"Content-Type","Value":"text/plain"},{"Name":"ETag","Value":"\"N9m8BVK4JKdXzBdy+2zQMugJnZFiA6nHkyI2rULkD+w=\""},{"Name":"Last-Modified","Value":"Fri, 14 Nov 2025 21:34:59 GMT"}],"EndpointProperties":[{"Name":"integrity","Value":"sha256-N9m8BVK4JKdXzBdy+2zQMugJnZFiA6nHkyI2rULkD+w="}]},{"Route":"build/static/js/453.2ec54d65.chunk.7vdi84tx5a.js","AssetFile":"build/static/js/453.2ec54d65.chunk.js","Selectors":[],"ResponseHeaders":[{"Name":"Accept-Ranges","Value":"bytes"},{"Name":"Cache-Control","Value":"max-age=31536000, immutable"},{"Name":"Content-Length","Value":"4489"},{"Name":"Content-Type","Value":"text/javascript"},{"Name":"ETag","Value":"\"TUEDY6i3cda5Oh2CN4FhT26uBbICY1DG0OIMC5ZJ604=\""},{"Name":"Last-Modified","Value":"Fri, 14 Nov 2025 21:34:59 GMT"}],"EndpointProperties":[{"Name":"fingerprint","Value":"7vdi84tx5a"},{"Name":"integrity","Value":"sha256-TUEDY6i3cda5Oh2CN4FhT26uBbICY1DG0OIMC5ZJ604="},{"Name":"label","Value":"build/static/js/453.2ec54d65.chunk.js"}]},{"Route":"build/static/js/453.2ec54d65.chunk.js","AssetFile":"build/static/js/453.2ec54d65.chunk.js","Selectors":[],"ResponseHeaders":[{"Name":"Accept-Ranges","Value":"bytes"},{"Name":"Cache-Control","Value":"no-cache"},{"Name":"Content-Length","Value":"4489"},{"Name":"Content-Type","Value":"text/javascript"},{"Name":"ETag","Value":"\"TUEDY6i3cda5Oh2CN4FhT26uBbICY1DG0OIMC5ZJ604=\""},{"Name":"Last-Modified","Value":"Fri, 14 Nov 2025 21:34:59 GMT"}],"EndpointProperties":[{"Name":"integrity","Value":"sha256-TUEDY6i3cda5Oh2CN4FhT26uBbICY1DG0OIMC5ZJ604="}]},{"Route":"build/static/js/453.2ec54d65.chunk.js.ixykevtngk.map","AssetFile":"build/static/js/453.2ec54d65.chunk.js.map","Selectors":[],"ResponseHeaders":[{"Name":"Accept-Ranges","Value":"bytes"},{"Name":"Cache-Control","Value":"max-age=31536000, immutable"},{"Name":"Content-Length","Value":"10597"},{"Name":"Content-Type","Value":"text/plain"},{"Name":"ETag","Value":"\"1ie8dtsmujs3kcHZFp3EFK9oGqQTOyNJAjcyajXhcW8=\""},{"Name":"Last-Modified","Value":"Fri, 14 Nov 2025 21:34:59 GMT"}],"EndpointProperties":[{"Name":"fingerprint","Value":"ixykevtngk"},{"Name":"integrity","Value":"sha256-1ie8dtsmujs3kcHZFp3EFK9oGqQTOyNJAjcyajXhcW8="},{"Name":"label","Value":"build/static/js/453.2ec54d65.chunk.js.map"}]},{"Route":"build/static/js/453.2ec54d65.chunk.js.map","AssetFile":"build/static/js/453.2ec54d65.chunk.js.map","Selectors":[],"ResponseHeaders":[{"Name":"Accept-Ranges","Value":"bytes"},{"Name":"Cache-Control","Value":"no-cache"},{"Name":"Content-Length","Value":"10597"},{"Name":"Content-Type","Value":"text/plain"},{"Name":"ETag","Value":"\"1ie8dtsmujs3kcHZFp3EFK9oGqQTOyNJAjcyajXhcW8=\""},{"Name":"Last-Modified","Value":"Fri, 14 Nov 2025 21:34:59 GMT"}],"EndpointProperties":[{"Name":"integrity","Value":"sha256-1ie8dtsmujs3kcHZFp3EFK9oGqQTOyNJAjcyajXhcW8="}]},{"Route":"build/static/js/main.d9f78ce0.js","AssetFile":"build/static/js/main.d9f78ce0.js","Selectors":[],"ResponseHeaders":[{"Name":"Accept-Ranges","Value":"bytes"},{"Name":"Cache-Control","Value":"no-cache"},{"Name":"Content-Length","Value":"348254"},{"Name":"Content-Type","Value":"text/javascript"},{"Name":"ETag","Value":"\"C2x0x7TtFma19nPgyJIvrCzxlP0hD1wHnRIjj0PVRD0=\""},{"Name":"Last-Modified","Value":"Fri, 14 Nov 2025 21:34:59 GMT"}],"EndpointProperties":[{"Name":"integrity","Value":"sha256-C2x0x7TtFma19nPgyJIvrCzxlP0hD1wHnRIjj0PVRD0="}]},{"Route":"build/static/js/main.d9f78ce0.js.LICENSE.le9s7fvqv5.txt","AssetFile":"build/static/js/main.d9f78ce0.js.LICENSE.txt","Selectors":[],"ResponseHeaders":[{"Name":"Accept-Ranges","Value":"bytes"},{"Name":"Cache-Control","Value":"max-age=31536000, immutable"},{"Name":"Content-Length","Value":"1433"},{"Name":"Content-Type","Value":"text/plain"},{"Name":"ETag","Value":"\"Y25Qcok98piqF0M3VHG9jaKVSDtcLbbv1CvFTR7Q/Ac=\""},{"Name":"Last-Modified","Value":"Fri, 14 Nov 2025 21:34:59 GMT"}],"EndpointProperties":[{"Name":"fingerprint","Value":"le9s7fvqv5"},{"Name":"integrity","Value":"sha256-Y25Qcok98piqF0M3VHG9jaKVSDtcLbbv1CvFTR7Q/Ac="},{"Name":"label","Value":"build/static/js/main.d9f78ce0.js.LICENSE.txt"}]},{"Route":"build/static/js/main.d9f78ce0.js.LICENSE.txt","AssetFile":"build/static/js/main.d9f78ce0.js.LICENSE.txt","Selectors":[],"ResponseHeaders":[{"Name":"Accept-Ranges","Value":"bytes"},{"Name":"Cache-Control","Value":"no-cache"},{"Name":"Content-Length","Value":"1433"},{"Name":"Content-Type","Value":"text/plain"},{"Name":"ETag","Value":"\"Y25Qcok98piqF0M3VHG9jaKVSDtcLbbv1CvFTR7Q/Ac=\""},{"Name":"Last-Modified","Value":"Fri, 14 Nov 2025 21:34:59 GMT"}],"EndpointProperties":[{"Name":"integrity","Value":"sha256-Y25Qcok98piqF0M3VHG9jaKVSDtcLbbv1CvFTR7Q/Ac="}]},{"Route":"build/static/js/main.d9f78ce0.js.map","AssetFile":"build/static/js/main.d9f78ce0.js.map","Selectors":[],"ResponseHeaders":[{"Name":"Accept-Ranges","Value":"bytes"},{"Name":"Cache-Control","Value":"no-cache"},{"Name":"Content-Length","Value":"1596266"},{"Name":"Content-Type","Value":"text/plain"},{"Name":"ETag","Value":"\"m26qXNRldS7cHsPXkksQHxLwfjDm/ncWxVQAsLFRKiM=\""},{"Name":"Last-Modified","Value":"Fri, 14 Nov 2025 21:34:59 GMT"}],"EndpointProperties":[{"Name":"integrity","Value":"sha256-m26qXNRldS7cHsPXkksQHxLwfjDm/ncWxVQAsLFRKiM="}]},{"Route":"build/static/js/main.d9f78ce0.js.t28ykklmae.map","AssetFile":"build/static/js/main.d9f78ce0.js.map","Selectors":[],"ResponseHeaders":[{"Name":"Accept-Ranges","Value":"bytes"},{"Name":"Cache-Control","Value":"max-age=31536000, immutable"},{"Name":"Content-Length","Value":"1596266"},{"Name":"Content-Type","Value":"text/plain"},{"Name":"ETag","Value":"\"m26qXNRldS7cHsPXkksQHxLwfjDm/ncWxVQAsLFRKiM=\""},{"Name":"Last-Modified","Value":"Fri, 14 Nov 2025 21:34:59 GMT"}],"EndpointProperties":[{"Name":"fingerprint","Value":"t28ykklmae"},{"Name":"integrity","Value":"sha256-m26qXNRldS7cHsPXkksQHxLwfjDm/ncWxVQAsLFRKiM="},{"Name":"label","Value":"build/static/js/main.d9f78ce0.js.map"}]},{"Route":"build/static/js/main.d9f78ce0.xdo24qcfs6.js","AssetFile":"build/static/js/main.d9f78ce0.js","Selectors":[],"ResponseHeaders":[{"Name":"Accept-Ranges","Value":"bytes"},{"Name":"Cache-Control","Value":"max-age=31536000, immutable"},{"Name":"Content-Length","Value":"348254"},{"Name":"Content-Type","Value":"text/javascript"},{"Name":"ETag","Value":"\"C2x0x7TtFma19nPgyJIvrCzxlP0hD1wHnRIjj0PVRD0=\""},{"Name":"Last-Modified","Value":"Fri, 14 Nov 2025 21:34:59 GMT"}],"EndpointProperties":[{"Name":"fingerprint","Value":"xdo24qcfs6"},{"Name":"integrity","Value":"sha256-C2x0x7TtFma19nPgyJIvrCzxlP0hD1wHnRIjj0PVRD0="},{"Name":"label","Value":"build/static/js/main.d9f78ce0.js"}]},{"Route":"build/theme.d2aqem3s7a.json","AssetFile":"build/theme.json","Selectors":[],"ResponseHeaders":[{"Name":"Accept-Ranges","Value":"bytes"},{"Name":"Cache-Control","Value":"max-age=31536000, immutable"},{"Name":"Content-Length","Value":"946"},{"Name":"Content-Type","Value":"application/json"},{"Name":"ETag","Value":"\"dcvO4fxw+L1d8G1lGsKbiK0JbOjS8JW5FnKCsGzwJnM=\""},{"Name":"Last-Modified","Value":"Fri, 14 Nov 2025 16:54:00 GMT"}],"EndpointProperties":[{"Name":"fingerprint","Value":"d2aqem3s7a"},{"Name":"integrity","Value":"sha256-dcvO4fxw+L1d8G1lGsKbiK0JbOjS8JW5FnKCsGzwJnM="},{"Name":"label","Value":"build/theme.json"}]},{"Route":"build/theme.json","AssetFile":"build/theme.json","Selectors":[],"ResponseHeaders":[{"Name":"Accept-Ranges","Value":"bytes"},{"Name":"Cache-Control","Value":"no-cache"},{"Name":"Content-Length","Value":"946"},{"Name":"Content-Type","Value":"application/json"},{"Name":"ETag","Value":"\"dcvO4fxw+L1d8G1lGsKbiK0JbOjS8JW5FnKCsGzwJnM=\""},{"Name":"Last-Modified","Value":"Fri, 14 Nov 2025 16:54:00 GMT"}],"EndpointProperties":[{"Name":"integrity","Value":"sha256-dcvO4fxw+L1d8G1lGsKbiK0JbOjS8JW5FnKCsGzwJnM="}]}]}