﻿[
  {
    "id": 3,
    "key": "hot",
    "name": "Горячие блюда",
    "order": 1
  },
  {
    "id": 1,
    "key": "cold",
    "name": "Холодные закуски",
    "order": 2
  },
  {
    "id": 2,
    "key": "salads",
    "name": "Салаты",
    "order": 3
  },
  {
    "id": 1762825543473,
    "key": "category_1762825543473",
    "name": "Продукты",
    "order": 4
  },
  {
    "id": 1763139208150,
    "key": "category_1763139208150",
    "name": "222",
    "order": 5
  },
  {
    "id": 1762937017173,
    "key": "category_1762937017173",
    "name": "Новая категория",
    "order": 6
  }
]