﻿{
  "currentTheme": "elegant",
  "themes": {
    "elegant": {
      "id": "elegant",
      "name": "Элегантная синяя",
      "primaryColor": "#2C3E50",
      "primaryLight": "#34495E",
      "primaryDark": "#1C2833",
      "secondaryColor": "#3498DB",
      "secondaryLight": "#5DADE2",
      "secondaryDark": "#2980B9",
      "accentColor": "#E74C3C",
      "backgroundColor": "#ECF0F1",
      "textColor": "#2C3E50",
      "textLight": "#566573"
    },
    "theme_1762830590494": {
      "id": "theme_1762830590494",
      "name": "Новая тема",
      "primaryColor": "#fe910b",
      "primaryLight": "#fea73c",
      "primaryDark": "#cb7409",
      "secondaryColor": "#40839c",
      "secondaryLight": "#00b3ff",
      "secondaryDark": "#7BB8D4",
      "accentColor": "#ff0000",
      "backgroundColor": "#FDF6E3",
      "textColor": "#333333",
      "textLight": "#666666"
    }
  }
}